Code,Country,State,Zip/Post Code,Rate,Zip/Post is Range,Range From,Range To,default
US-WI-53001-Rate 1,US,WI,53001,5,,,,
US-WI-53002-Rate 1,US,WI,53002,5.6,,,,
US-WI-53003-Rate 1,US,WI,53003,5.5,,,,
US-WI-53004-Rate 1,US,WI,53004,5.6,,,,
US-WI-53005-Rate 1,US,WI,53005,5.1,,,,
US-WI-53006-Rate 1,US,WI,53006,5.5,,,,
US-WI-53006-Rate 1,US,WI,53006,5.5,,,,
US-WI-53006-Rate 1,US,WI,53006,5.5,,,,
US-WI-53007-Rate 1,US,WI,53007,5.1,,,,
US-WI-53008-Rate 1,US,WI,53008,5.1,,,,
US-WI-53010-Rate 1,US,WI,53010,5,,,,
US-WI-53011-Rate 1,US,WI,53011,5,,,,
US-WI-53012-Rate 1,US,WI,53012,5.6,,,,
US-WI-53013-Rate 1,US,WI,53013,5,,,,
US-WI-53014-Rate 1,US,WI,53014,5,,,,
US-WI-53015-Rate 1,US,WI,53015,5,,,,
US-WI-53016-Rate 1,US,WI,53016,5.5,,,,
US-WI-53017-Rate 1,US,WI,53017,5.6,,,,
US-WI-53018-Rate 1,US,WI,53018,5.1,,,,
US-WI-53019-Rate 1,US,WI,53019,5,,,,
US-WI-53020-Rate 1,US,WI,53020,5,,,,
US-WI-53021-Rate 1,US,WI,53021,5.6,,,,
US-WI-53021-Rate 1,US,WI,53021,5.6,,,,
US-WI-53022-Rate 1,US,WI,53022,5.6,,,,
US-WI-53022-Rate 1,US,WI,53022,5.6,,,,
US-WI-53023-Rate 1,US,WI,53023,5,,,,
US-WI-53024-Rate 1,US,WI,53024,5.6,,,,
US-WI-53026-Rate 1,US,WI,53026,5,,,,
US-WI-53027-Rate 1,US,WI,53027,5.6,,,,
US-WI-53029-Rate 1,US,WI,53029,5.1,,,,
US-WI-53029-Rate 1,US,WI,53029,5.1,,,,
US-WI-53031-Rate 1,US,WI,53031,5,,,,
US-WI-53032-Rate 1,US,WI,53032,5.5,,,,
US-WI-53033-Rate 1,US,WI,53033,5.6,,,,
US-WI-53034-Rate 1,US,WI,53034,5.5,,,,
US-WI-53035-Rate 1,US,WI,53035,5.5,,,,
US-WI-53036-Rate 1,US,WI,53036,5.5,,,,
US-WI-53037-Rate 1,US,WI,53037,5.6,,,,
US-WI-53038-Rate 1,US,WI,53038,5.5,,,,
US-WI-53039-Rate 1,US,WI,53039,5.5,,,,
US-WI-53040-Rate 1,US,WI,53040,5.6,,,,
US-WI-53042-Rate 1,US,WI,53042,5,,,,
US-WI-53044-Rate 1,US,WI,53044,5,,,,
US-WI-53045-Rate 1,US,WI,53045,5.1,,,,
US-WI-53046-Rate 1,US,WI,53046,5.1,,,,
US-WI-53047-Rate 1,US,WI,53047,5.5,,,,
US-WI-53048-Rate 1,US,WI,53048,5.5,,,,
US-WI-53048-Rate 1,US,WI,53048,5.5,,,,
US-WI-53049-Rate 1,US,WI,53049,5,,,,
US-WI-53050-Rate 1,US,WI,53050,5.5,,,,
US-WI-53051-Rate 1,US,WI,53051,5.1,,,,
US-WI-53052-Rate 1,US,WI,53052,5.1,,,,
US-WI-53056-Rate 1,US,WI,53056,5.1,,,,
US-WI-53057-Rate 1,US,WI,53057,5,,,,
US-WI-53058-Rate 1,US,WI,53058,5.1,,,,
US-WI-53058-Rate 1,US,WI,53058,5.1,,,,
US-WI-53059-Rate 1,US,WI,53059,5.5,,,,
US-WI-53060-Rate 1,US,WI,53060,5.6,,,,
US-WI-53061-Rate 1,US,WI,53061,5,,,,
US-WI-53062-Rate 1,US,WI,53062,5,,,,
US-WI-53062-Rate 1,US,WI,53062,5,,,,
US-WI-53063-Rate 1,US,WI,53063,5,,,,
US-WI-53064-Rate 1,US,WI,53064,5.1,,,,
US-WI-53065-Rate 1,US,WI,53065,5,,,,
US-WI-53066-Rate 1,US,WI,53066,5.1,,,,
US-WI-53069-Rate 1,US,WI,53069,5.1,,,,
US-WI-53070-Rate 1,US,WI,53070,5,,,,
US-WI-53072-Rate 1,US,WI,53072,5.1,,,,
US-WI-53073-Rate 1,US,WI,53073,5,,,,
US-WI-53074-Rate 1,US,WI,53074,5.6,,,,
US-WI-53075-Rate 1,US,WI,53075,5,,,,
US-WI-53076-Rate 1,US,WI,53076,5.6,,,,
US-WI-53078-Rate 1,US,WI,53078,5.5,,,,
US-WI-53079-Rate 1,US,WI,53079,5,,,,
US-WI-53080-Rate 1,US,WI,53080,5.6,,,,
US-WI-53081-Rate 1,US,WI,53081,5,,,,
US-WI-53082-Rate 1,US,WI,53082,5,,,,
US-WI-53083-Rate 1,US,WI,53083,5,,,,
US-WI-53083-Rate 1,US,WI,53083,5,,,,
US-WI-53083-Rate 1,US,WI,53083,5,,,,
US-WI-53085-Rate 1,US,WI,53085,5,,,,
US-WI-53086-Rate 1,US,WI,53086,5.6,,,,
US-WI-53088-Rate 1,US,WI,53088,5,,,,
US-WI-53089-Rate 1,US,WI,53089,5.1,,,,
US-WI-53089-Rate 1,US,WI,53089,5.1,,,,
US-WI-53090-Rate 1,US,WI,53090,5.6,,,,
US-WI-53090-Rate 1,US,WI,53090,5.6,,,,
US-WI-53091-Rate 1,US,WI,53091,5.5,,,,
US-WI-53092-Rate 1,US,WI,53092,5.6,,,,
US-WI-53092-Rate 1,US,WI,53092,5.6,,,,
US-WI-53093-Rate 1,US,WI,53093,5,,,,
US-WI-53094-Rate 1,US,WI,53094,5.5,,,,
US-WI-53095-Rate 1,US,WI,53095,5.6,,,,
US-WI-53095-Rate 1,US,WI,53095,5.6,,,,
US-WI-53097-Rate 1,US,WI,53097,5.6,,,,
US-WI-53097-Rate 1,US,WI,53097,5.6,,,,
US-WI-53098-Rate 1,US,WI,53098,5.5,,,,
US-WI-53099-Rate 1,US,WI,53099,5.5,,,,
US-WI-53101-Rate 1,US,WI,53101,5.5,,,,
US-WI-53102-Rate 1,US,WI,53102,5.5,,,,
US-WI-53102-Rate 1,US,WI,53102,5.5,,,,
US-WI-53103-Rate 1,US,WI,53103,5.1,,,,
US-WI-53104-Rate 1,US,WI,53104,5.5,,,,
US-WI-53105-Rate 1,US,WI,53105,5.1,,,,
US-WI-53108-Rate 1,US,WI,53108,5.1,,,,
US-WI-53109-Rate 1,US,WI,53109,5.5,,,,
US-WI-53110-Rate 1,US,WI,53110,5.6,,,,
US-WI-53114-Rate 1,US,WI,53114,5.5,,,,
US-WI-53115-Rate 1,US,WI,53115,5.5,,,,
US-WI-53118-Rate 1,US,WI,53118,5.1,,,,
US-WI-53119-Rate 1,US,WI,53119,5.1,,,,
US-WI-53120-Rate 1,US,WI,53120,5.5,,,,
US-WI-53121-Rate 1,US,WI,53121,5.5,,,,
US-WI-53122-Rate 1,US,WI,53122,5.1,,,,
US-WI-53125-Rate 1,US,WI,53125,5.5,,,,
US-WI-53126-Rate 1,US,WI,53126,5.1,,,,
US-WI-53127-Rate 1,US,WI,53127,5.1,,,,
US-WI-53128-Rate 1,US,WI,53128,5.5,,,,
US-WI-53129-Rate 1,US,WI,53129,5.6,,,,
US-WI-53130-Rate 1,US,WI,53130,5.6,,,,
US-WI-53132-Rate 1,US,WI,53132,5.6,,,,
US-WI-53132-Rate 1,US,WI,53132,5.6,,,,
US-WI-53137-Rate 1,US,WI,53137,5.5,,,,
US-WI-53138-Rate 1,US,WI,53138,5.5,,,,
US-WI-53139-Rate 1,US,WI,53139,5.1,,,,
US-WI-53140-Rate 1,US,WI,53140,5.5,,,,
US-WI-53141-Rate 1,US,WI,53141,5.5,,,,
US-WI-53142-Rate 1,US,WI,53142,5.5,,,,
US-WI-53142-Rate 1,US,WI,53142,5.5,,,,
US-WI-53143-Rate 1,US,WI,53143,5.5,,,,
US-WI-53143-Rate 1,US,WI,53143,5.5,,,,
US-WI-53144-Rate 1,US,WI,53144,5.5,,,,
US-WI-53146-Rate 1,US,WI,53146,5.1,,,,
US-WI-53146-Rate 1,US,WI,53146,5.1,,,,
US-WI-53147-Rate 1,US,WI,53147,5.5,,,,
US-WI-53148-Rate 1,US,WI,53148,5.5,,,,
US-WI-53149-Rate 1,US,WI,53149,5.1,,,,
US-WI-53150-Rate 1,US,WI,53150,5.1,,,,
US-WI-53151-Rate 1,US,WI,53151,5.1,,,,
US-WI-53151-Rate 1,US,WI,53151,5.1,,,,
US-WI-53152-Rate 1,US,WI,53152,5.5,,,,
US-WI-53153-Rate 1,US,WI,53153,5.1,,,,
US-WI-53154-Rate 1,US,WI,53154,5.6,,,,
US-WI-53156-Rate 1,US,WI,53156,5.5,,,,
US-WI-53157-Rate 1,US,WI,53157,5.5,,,,
US-WI-53158-Rate 1,US,WI,53158,5.5,,,,
US-WI-53158-Rate 1,US,WI,53158,5.5,,,,
US-WI-53159-Rate 1,US,WI,53159,5.5,,,,
US-WI-53167-Rate 1,US,WI,53167,5.1,,,,
US-WI-53168-Rate 1,US,WI,53168,5.5,,,,
US-WI-53168-Rate 1,US,WI,53168,5.5,,,,
US-WI-53170-Rate 1,US,WI,53170,5.5,,,,
US-WI-53171-Rate 1,US,WI,53171,5.5,,,,
US-WI-53172-Rate 1,US,WI,53172,5.6,,,,
US-WI-53176-Rate 1,US,WI,53176,5.5,,,,
US-WI-53177-Rate 1,US,WI,53177,5.1,,,,
US-WI-53178-Rate 1,US,WI,53178,5.5,,,,
US-WI-53179-Rate 1,US,WI,53179,5.5,,,,
US-WI-53181-Rate 1,US,WI,53181,5.5,,,,
US-WI-53182-Rate 1,US,WI,53182,5.1,,,,
US-WI-53183-Rate 1,US,WI,53183,5.1,,,,
US-WI-53184-Rate 1,US,WI,53184,5.5,,,,
US-WI-53185-Rate 1,US,WI,53185,5.1,,,,
US-WI-53185-Rate 1,US,WI,53185,5.1,,,,
US-WI-53186-Rate 1,US,WI,53186,5.1,,,,
US-WI-53186-Rate 1,US,WI,53186,5.1,,,,
US-WI-53187-Rate 1,US,WI,53187,5.1,,,,
US-WI-53188-Rate 1,US,WI,53188,5.1,,,,
US-WI-53188-Rate 1,US,WI,53188,5.1,,,,
US-WI-53189-Rate 1,US,WI,53189,5.1,,,,
US-WI-53190-Rate 1,US,WI,53190,5.5,,,,
US-WI-53191-Rate 1,US,WI,53191,5.5,,,,
US-WI-53192-Rate 1,US,WI,53192,5.5,,,,
US-WI-53194-Rate 1,US,WI,53194,5.5,,,,
US-WI-53195-Rate 1,US,WI,53195,5.5,,,,
US-WI-53201-Rate 1,US,WI,53201,5.6,,,,
US-WI-53202-Rate 1,US,WI,53202,5.6,,,,
US-WI-53203-Rate 1,US,WI,53203,5.6,,,,
US-WI-53204-Rate 1,US,WI,53204,5.6,,,,
US-WI-53205-Rate 1,US,WI,53205,5.6,,,,
US-WI-53206-Rate 1,US,WI,53206,5.6,,,,
US-WI-53207-Rate 1,US,WI,53207,5.6,,,,
US-WI-53207-Rate 1,US,WI,53207,5.6,,,,
US-WI-53207-Rate 1,US,WI,53207,5.6,,,,
US-WI-53207-Rate 1,US,WI,53207,5.6,,,,
US-WI-53208-Rate 1,US,WI,53208,5.6,,,,
US-WI-53209-Rate 1,US,WI,53209,5.6,,,,
US-WI-53209-Rate 1,US,WI,53209,5.6,,,,
US-WI-53209-Rate 1,US,WI,53209,5.6,,,,
US-WI-53209-Rate 1,US,WI,53209,5.6,,,,
US-WI-53210-Rate 1,US,WI,53210,5.6,,,,
US-WI-53210-Rate 1,US,WI,53210,5.6,,,,
US-WI-53210-Rate 1,US,WI,53210,5.6,,,,
US-WI-53211-Rate 1,US,WI,53211,5.6,,,,
US-WI-53211-Rate 1,US,WI,53211,5.6,,,,
US-WI-53211-Rate 1,US,WI,53211,5.6,,,,
US-WI-53211-Rate 1,US,WI,53211,5.6,,,,
US-WI-53212-Rate 1,US,WI,53212,5.6,,,,
US-WI-53212-Rate 1,US,WI,53212,5.6,,,,
US-WI-53213-Rate 1,US,WI,53213,5.6,,,,
US-WI-53213-Rate 1,US,WI,53213,5.6,,,,
US-WI-53213-Rate 1,US,WI,53213,5.6,,,,
US-WI-53214-Rate 1,US,WI,53214,5.6,,,,
US-WI-53214-Rate 1,US,WI,53214,5.6,,,,
US-WI-53214-Rate 1,US,WI,53214,5.6,,,,
US-WI-53215-Rate 1,US,WI,53215,5.6,,,,
US-WI-53215-Rate 1,US,WI,53215,5.6,,,,
US-WI-53216-Rate 1,US,WI,53216,5.6,,,,
US-WI-53217-Rate 1,US,WI,53217,5.6,,,,
US-WI-53217-Rate 1,US,WI,53217,5.6,,,,
US-WI-53217-Rate 1,US,WI,53217,5.6,,,,
US-WI-53217-Rate 1,US,WI,53217,5.6,,,,
US-WI-53217-Rate 1,US,WI,53217,5.6,,,,
US-WI-53217-Rate 1,US,WI,53217,5.6,,,,
US-WI-53218-Rate 1,US,WI,53218,5.6,,,,
US-WI-53219-Rate 1,US,WI,53219,5.6,,,,
US-WI-53219-Rate 1,US,WI,53219,5.6,,,,
US-WI-53219-Rate 1,US,WI,53219,5.6,,,,
US-WI-53219-Rate 1,US,WI,53219,5.6,,,,
US-WI-53220-Rate 1,US,WI,53220,5.6,,,,
US-WI-53220-Rate 1,US,WI,53220,5.6,,,,
US-WI-53221-Rate 1,US,WI,53221,5.6,,,,
US-WI-53221-Rate 1,US,WI,53221,5.6,,,,
US-WI-53222-Rate 1,US,WI,53222,5.6,,,,
US-WI-53222-Rate 1,US,WI,53222,5.6,,,,
US-WI-53223-Rate 1,US,WI,53223,5.6,,,,
US-WI-53223-Rate 1,US,WI,53223,5.6,,,,
US-WI-53224-Rate 1,US,WI,53224,5.6,,,,
US-WI-53225-Rate 1,US,WI,53225,5.6,,,,
US-WI-53225-Rate 1,US,WI,53225,5.6,,,,
US-WI-53226-Rate 1,US,WI,53226,5.6,,,,
US-WI-53226-Rate 1,US,WI,53226,5.6,,,,
US-WI-53226-Rate 1,US,WI,53226,5.6,,,,
US-WI-53227-Rate 1,US,WI,53227,5.6,,,,
US-WI-53227-Rate 1,US,WI,53227,5.6,,,,
US-WI-53227-Rate 1,US,WI,53227,5.6,,,,
US-WI-53228-Rate 1,US,WI,53228,5.6,,,,
US-WI-53228-Rate 1,US,WI,53228,5.6,,,,
US-WI-53233-Rate 1,US,WI,53233,5.6,,,,
US-WI-53234-Rate 1,US,WI,53234,5.6,,,,
US-WI-53234-Rate 1,US,WI,53234,5.6,,,,
US-WI-53234-Rate 1,US,WI,53234,5.6,,,,
US-WI-53235-Rate 1,US,WI,53235,5.6,,,,
US-WI-53235-Rate 1,US,WI,53235,5.6,,,,
US-WI-53235-Rate 1,US,WI,53235,5.6,,,,
US-WI-53237-Rate 1,US,WI,53237,5.6,,,,
US-WI-53259-Rate 1,US,WI,53259,5.6,,,,
US-WI-53263-Rate 1,US,WI,53263,5.6,,,,
US-WI-53267-Rate 1,US,WI,53267,5.6,,,,
US-WI-53268-Rate 1,US,WI,53268,5.6,,,,
US-WI-53274-Rate 1,US,WI,53274,5.6,,,,
US-WI-53278-Rate 1,US,WI,53278,5.6,,,,
US-WI-53288-Rate 1,US,WI,53288,5.6,,,,
US-WI-53290-Rate 1,US,WI,53290,5.6,,,,
US-WI-53293-Rate 1,US,WI,53293,5.6,,,,
US-WI-53295-Rate 1,US,WI,53295,5.6,,,,
US-WI-53401-Rate 1,US,WI,53401,5.1,,,,
US-WI-53402-Rate 1,US,WI,53402,5.1,,,,
US-WI-53403-Rate 1,US,WI,53403,5.1,,,,
US-WI-53404-Rate 1,US,WI,53404,5.1,,,,
US-WI-53405-Rate 1,US,WI,53405,5.1,,,,
US-WI-53406-Rate 1,US,WI,53406,5.1,,,,
US-WI-53407-Rate 1,US,WI,53407,5.1,,,,
US-WI-53408-Rate 1,US,WI,53408,5.1,,,,
US-WI-53490-Rate 1,US,WI,53490,5.1,,,,
US-WI-53501-Rate 1,US,WI,53501,5,,,,
US-WI-53502-Rate 1,US,WI,53502,5.5,,,,
US-WI-53503-Rate 1,US,WI,53503,5.5,,,,
US-WI-53504-Rate 1,US,WI,53504,5.5,,,,
US-WI-53505-Rate 1,US,WI,53505,5,,,,
US-WI-53506-Rate 1,US,WI,53506,5.5,,,,
US-WI-53507-Rate 1,US,WI,53507,5.5,,,,
US-WI-53508-Rate 1,US,WI,53508,5.5,,,,
US-WI-53510-Rate 1,US,WI,53510,5.5,,,,
US-WI-53511-Rate 1,US,WI,53511,5,,,,
US-WI-53512-Rate 1,US,WI,53512,5,,,,
US-WI-53515-Rate 1,US,WI,53515,5.5,,,,
US-WI-53516-Rate 1,US,WI,53516,5.5,,,,
US-WI-53517-Rate 1,US,WI,53517,5.5,,,,
US-WI-53518-Rate 1,US,WI,53518,5.5,,,,
US-WI-53520-Rate 1,US,WI,53520,5.5,,,,
US-WI-53521-Rate 1,US,WI,53521,5.5,,,,
US-WI-53522-Rate 1,US,WI,53522,5.5,,,,
US-WI-53523-Rate 1,US,WI,53523,5.5,,,,
US-WI-53525-Rate 1,US,WI,53525,5,,,,
US-WI-53526-Rate 1,US,WI,53526,5.5,,,,
US-WI-53527-Rate 1,US,WI,53527,5.5,,,,
US-WI-53528-Rate 1,US,WI,53528,5.5,,,,
US-WI-53529-Rate 1,US,WI,53529,5.5,,,,
US-WI-53530-Rate 1,US,WI,53530,5.5,,,,
US-WI-53531-Rate 1,US,WI,53531,5.5,,,,
US-WI-53532-Rate 1,US,WI,53532,5.5,,,,
US-WI-53533-Rate 1,US,WI,53533,5.5,,,,
US-WI-53534-Rate 1,US,WI,53534,5,,,,
US-WI-53535-Rate 1,US,WI,53535,5.5,,,,
US-WI-53535-Rate 1,US,WI,53535,5.5,,,,
US-WI-53536-Rate 1,US,WI,53536,5,,,,
US-WI-53537-Rate 1,US,WI,53537,5,,,,
US-WI-53538-Rate 1,US,WI,53538,5.5,,,,
US-WI-53540-Rate 1,US,WI,53540,5.5,,,,
US-WI-53541-Rate 1,US,WI,53541,5.5,,,,
US-WI-53542-Rate 1,US,WI,53542,5,,,,
US-WI-53543-Rate 1,US,WI,53543,5.5,,,,
US-WI-53544-Rate 1,US,WI,53544,5.5,,,,
US-WI-53545-Rate 1,US,WI,53545,5,,,,
US-WI-53546-Rate 1,US,WI,53546,5,,,,
US-WI-53547-Rate 1,US,WI,53547,5,,,,
US-WI-53548-Rate 1,US,WI,53548,5,,,,
US-WI-53549-Rate 1,US,WI,53549,5.5,,,,
US-WI-53550-Rate 1,US,WI,53550,5.5,,,,
US-WI-53551-Rate 1,US,WI,53551,5.5,,,,
US-WI-53553-Rate 1,US,WI,53553,5.5,,,,
US-WI-53554-Rate 1,US,WI,53554,5.5,,,,
US-WI-53555-Rate 1,US,WI,53555,5.5,,,,
US-WI-53556-Rate 1,US,WI,53556,5.5,,,,
US-WI-53557-Rate 1,US,WI,53557,5.5,,,,
US-WI-53558-Rate 1,US,WI,53558,5.5,,,,
US-WI-53559-Rate 1,US,WI,53559,5.5,,,,
US-WI-53560-Rate 1,US,WI,53560,5.5,,,,
US-WI-53561-Rate 1,US,WI,53561,5.5,,,,
US-WI-53562-Rate 1,US,WI,53562,5.5,,,,
US-WI-53562-Rate 1,US,WI,53562,5.5,,,,
US-WI-53563-Rate 1,US,WI,53563,5,,,,
US-WI-53565-Rate 1,US,WI,53565,5.5,,,,
US-WI-53566-Rate 1,US,WI,53566,5.5,,,,
US-WI-53569-Rate 1,US,WI,53569,5.5,,,,
US-WI-53570-Rate 1,US,WI,53570,5.5,,,,
US-WI-53571-Rate 1,US,WI,53571,5.5,,,,
US-WI-53572-Rate 1,US,WI,53572,5.5,,,,
US-WI-53573-Rate 1,US,WI,53573,5.5,,,,
US-WI-53574-Rate 1,US,WI,53574,5.5,,,,
US-WI-53575-Rate 1,US,WI,53575,5.5,,,,
US-WI-53575-Rate 1,US,WI,53575,5.5,,,,
US-WI-53576-Rate 1,US,WI,53576,5,,,,
US-WI-53577-Rate 1,US,WI,53577,5.5,,,,
US-WI-53578-Rate 1,US,WI,53578,5.5,,,,
US-WI-53579-Rate 1,US,WI,53579,5.5,,,,
US-WI-53580-Rate 1,US,WI,53580,5.5,,,,
US-WI-53581-Rate 1,US,WI,53581,5.5,,,,
US-WI-53581-Rate 1,US,WI,53581,5.5,,,,
US-WI-53582-Rate 1,US,WI,53582,5.5,,,,
US-WI-53583-Rate 1,US,WI,53583,5.5,,,,
US-WI-53584-Rate 1,US,WI,53584,5.5,,,,
US-WI-53585-Rate 1,US,WI,53585,5.5,,,,
US-WI-53586-Rate 1,US,WI,53586,5.5,,,,
US-WI-53586-Rate 1,US,WI,53586,5.5,,,,
US-WI-53587-Rate 1,US,WI,53587,5.5,,,,
US-WI-53588-Rate 1,US,WI,53588,5.5,,,,
US-WI-53589-Rate 1,US,WI,53589,5.5,,,,
US-WI-53590-Rate 1,US,WI,53590,5.5,,,,
US-WI-53593-Rate 1,US,WI,53593,5.5,,,,
US-WI-53593-Rate 1,US,WI,53593,5.5,,,,
US-WI-53593-Rate 1,US,WI,53593,5.5,,,,
US-WI-53594-Rate 1,US,WI,53594,5.5,,,,
US-WI-53595-Rate 1,US,WI,53595,5.5,,,,
US-WI-53596-Rate 1,US,WI,53596,5.5,,,,
US-WI-53597-Rate 1,US,WI,53597,5.5,,,,
US-WI-53597-Rate 1,US,WI,53597,5.5,,,,
US-WI-53598-Rate 1,US,WI,53598,5.5,,,,
US-WI-53598-Rate 1,US,WI,53598,5.5,,,,
US-WI-53599-Rate 1,US,WI,53599,5.5,,,,
US-WI-53701-Rate 1,US,WI,53701,5.5,,,,
US-WI-53702-Rate 1,US,WI,53702,5.5,,,,
US-WI-53703-Rate 1,US,WI,53703,5.5,,,,
US-WI-53704-Rate 1,US,WI,53704,5.5,,,,
US-WI-53704-Rate 1,US,WI,53704,5.5,,,,
US-WI-53705-Rate 1,US,WI,53705,5.5,,,,
US-WI-53705-Rate 1,US,WI,53705,5.5,,,,
US-WI-53706-Rate 1,US,WI,53706,5.5,,,,
US-WI-53707-Rate 1,US,WI,53707,5.5,,,,
US-WI-53708-Rate 1,US,WI,53708,5.5,,,,
US-WI-53711-Rate 1,US,WI,53711,5.5,,,,
US-WI-53711-Rate 1,US,WI,53711,5.5,,,,
US-WI-53713-Rate 1,US,WI,53713,5.5,,,,
US-WI-53713-Rate 1,US,WI,53713,5.5,,,,
US-WI-53713-Rate 1,US,WI,53713,5.5,,,,
US-WI-53714-Rate 1,US,WI,53714,5.5,,,,
US-WI-53714-Rate 1,US,WI,53714,5.5,,,,
US-WI-53715-Rate 1,US,WI,53715,5.5,,,,
US-WI-53716-Rate 1,US,WI,53716,5.5,,,,
US-WI-53716-Rate 1,US,WI,53716,5.5,,,,
US-WI-53716-Rate 1,US,WI,53716,5.5,,,,
US-WI-53717-Rate 1,US,WI,53717,5.5,,,,
US-WI-53718-Rate 1,US,WI,53718,5.5,,,,
US-WI-53719-Rate 1,US,WI,53719,5.5,,,,
US-WI-53719-Rate 1,US,WI,53719,5.5,,,,
US-WI-53725-Rate 1,US,WI,53725,5.5,,,,
US-WI-53726-Rate 1,US,WI,53726,5.5,,,,
US-WI-53744-Rate 1,US,WI,53744,5.5,,,,
US-WI-53774-Rate 1,US,WI,53774,5.5,,,,
US-WI-53777-Rate 1,US,WI,53777,5.5,,,,
US-WI-53778-Rate 1,US,WI,53778,5.5,,,,
US-WI-53779-Rate 1,US,WI,53779,5.5,,,,
US-WI-53782-Rate 1,US,WI,53782,5.5,,,,
US-WI-53783-Rate 1,US,WI,53783,5.5,,,,
US-WI-53784-Rate 1,US,WI,53784,5.5,,,,
US-WI-53785-Rate 1,US,WI,53785,5.5,,,,
US-WI-53786-Rate 1,US,WI,53786,5.5,,,,
US-WI-53788-Rate 1,US,WI,53788,5.5,,,,
US-WI-53789-Rate 1,US,WI,53789,5.5,,,,
US-WI-53790-Rate 1,US,WI,53790,5.5,,,,
US-WI-53791-Rate 1,US,WI,53791,5.5,,,,
US-WI-53792-Rate 1,US,WI,53792,5.5,,,,
US-WI-53793-Rate 1,US,WI,53793,5.5,,,,
US-WI-53794-Rate 1,US,WI,53794,5.5,,,,
US-WI-53801-Rate 1,US,WI,53801,5.5,,,,
US-WI-53801-Rate 1,US,WI,53801,5.5,,,,
US-WI-53802-Rate 1,US,WI,53802,5.5,,,,
US-WI-53803-Rate 1,US,WI,53803,5.5,,,,
US-WI-53803-Rate 1,US,WI,53803,5.5,,,,
US-WI-53804-Rate 1,US,WI,53804,5.5,,,,
US-WI-53805-Rate 1,US,WI,53805,5.5,,,,
US-WI-53806-Rate 1,US,WI,53806,5.5,,,,
US-WI-53807-Rate 1,US,WI,53807,5.5,,,,
US-WI-53808-Rate 1,US,WI,53808,5.5,,,,
US-WI-53809-Rate 1,US,WI,53809,5.5,,,,
US-WI-53810-Rate 1,US,WI,53810,5.5,,,,
US-WI-53811-Rate 1,US,WI,53811,5.5,,,,
US-WI-53812-Rate 1,US,WI,53812,5.5,,,,
US-WI-53813-Rate 1,US,WI,53813,5.5,,,,
US-WI-53816-Rate 1,US,WI,53816,5.5,,,,
US-WI-53817-Rate 1,US,WI,53817,5.5,,,,
US-WI-53818-Rate 1,US,WI,53818,5.5,,,,
US-WI-53820-Rate 1,US,WI,53820,5.5,,,,
US-WI-53821-Rate 1,US,WI,53821,5.5,,,,
US-WI-53824-Rate 1,US,WI,53824,5.5,,,,
US-WI-53825-Rate 1,US,WI,53825,5.5,,,,
US-WI-53826-Rate 1,US,WI,53826,5.5,,,,
US-WI-53827-Rate 1,US,WI,53827,5.5,,,,
US-WI-53901-Rate 1,US,WI,53901,5.5,,,,
US-WI-53910-Rate 1,US,WI,53910,5.5,,,,
US-WI-53911-Rate 1,US,WI,53911,5.5,,,,
US-WI-53913-Rate 1,US,WI,53913,5.5,,,,
US-WI-53913-Rate 1,US,WI,53913,5.5,,,,
US-WI-53916-Rate 1,US,WI,53916,5.5,,,,
US-WI-53916-Rate 1,US,WI,53916,5.5,,,,
US-WI-53919-Rate 1,US,WI,53919,5,,,,
US-WI-53920-Rate 1,US,WI,53920,5.5,,,,
US-WI-53922-Rate 1,US,WI,53922,5.5,,,,
US-WI-53923-Rate 1,US,WI,53923,5.5,,,,
US-WI-53924-Rate 1,US,WI,53924,5.5,,,,
US-WI-53925-Rate 1,US,WI,53925,5.5,,,,
US-WI-53926-Rate 1,US,WI,53926,5.5,,,,
US-WI-53927-Rate 1,US,WI,53927,5.5,,,,
US-WI-53927-Rate 1,US,WI,53927,5.5,,,,
US-WI-53928-Rate 1,US,WI,53928,5.5,,,,
US-WI-53929-Rate 1,US,WI,53929,5.5,,,,
US-WI-53930-Rate 1,US,WI,53930,5.5,,,,
US-WI-53931-Rate 1,US,WI,53931,5,,,,
US-WI-53932-Rate 1,US,WI,53932,5.5,,,,
US-WI-53933-Rate 1,US,WI,53933,5.5,,,,
US-WI-53934-Rate 1,US,WI,53934,5.5,,,,
US-WI-53935-Rate 1,US,WI,53935,5.5,,,,
US-WI-53936-Rate 1,US,WI,53936,5.5,,,,
US-WI-53937-Rate 1,US,WI,53937,5.5,,,,
US-WI-53939-Rate 1,US,WI,53939,5.5,,,,
US-WI-53940-Rate 1,US,WI,53940,5.5,,,,
US-WI-53941-Rate 1,US,WI,53941,5.5,,,,
US-WI-53942-Rate 1,US,WI,53942,5.5,,,,
US-WI-53943-Rate 1,US,WI,53943,5.5,,,,
US-WI-53944-Rate 1,US,WI,53944,5.5,,,,
US-WI-53946-Rate 1,US,WI,53946,5.5,,,,
US-WI-53946-Rate 1,US,WI,53946,5.5,,,,
US-WI-53947-Rate 1,US,WI,53947,5.5,,,,
US-WI-53948-Rate 1,US,WI,53948,5.5,,,,
US-WI-53949-Rate 1,US,WI,53949,5.5,,,,
US-WI-53950-Rate 1,US,WI,53950,5.5,,,,
US-WI-53951-Rate 1,US,WI,53951,5.5,,,,
US-WI-53952-Rate 1,US,WI,53952,5.5,,,,
US-WI-53952-Rate 1,US,WI,53952,5.5,,,,
US-WI-53953-Rate 1,US,WI,53953,5.5,,,,
US-WI-53954-Rate 1,US,WI,53954,5.5,,,,
US-WI-53955-Rate 1,US,WI,53955,5.5,,,,
US-WI-53956-Rate 1,US,WI,53956,5.5,,,,
US-WI-53957-Rate 1,US,WI,53957,5.5,,,,
US-WI-53958-Rate 1,US,WI,53958,5.5,,,,
US-WI-53959-Rate 1,US,WI,53959,5.5,,,,
US-WI-53960-Rate 1,US,WI,53960,5.5,,,,
US-WI-53961-Rate 1,US,WI,53961,5.5,,,,
US-WI-53962-Rate 1,US,WI,53962,5.5,,,,
US-WI-53963-Rate 1,US,WI,53963,5.5,,,,
US-WI-53964-Rate 1,US,WI,53964,5.5,,,,
US-WI-53965-Rate 1,US,WI,53965,5.5,,,,
US-WI-53968-Rate 1,US,WI,53968,5.5,,,,
US-WI-53969-Rate 1,US,WI,53969,5.5,,,,
US-WI-54001-Rate 1,US,WI,54001,5.5,,,,
US-WI-54001-Rate 1,US,WI,54001,5.5,,,,
US-WI-54001-Rate 1,US,WI,54001,5.5,,,,
US-WI-54001-Rate 1,US,WI,54001,5.5,,,,
US-WI-54001-Rate 1,US,WI,54001,5.5,,,,
US-WI-54001-Rate 1,US,WI,54001,5.5,,,,
US-WI-54002-Rate 1,US,WI,54002,5.5,,,,
US-WI-54002-Rate 1,US,WI,54002,5.5,,,,
US-WI-54002-Rate 1,US,WI,54002,5.5,,,,
US-WI-54002-Rate 1,US,WI,54002,5.5,,,,
US-WI-54003-Rate 1,US,WI,54003,5.5,,,,
US-WI-54003-Rate 1,US,WI,54003,5.5,,,,
US-WI-54003-Rate 1,US,WI,54003,5.5,,,,
US-WI-54004-Rate 1,US,WI,54004,5.5,,,,
US-WI-54004-Rate 1,US,WI,54004,5.5,,,,
US-WI-54004-Rate 1,US,WI,54004,5.5,,,,
US-WI-54004-Rate 1,US,WI,54004,5.5,,,,
US-WI-54004-Rate 1,US,WI,54004,5.5,,,,
US-WI-54005-Rate 1,US,WI,54005,5.5,,,,
US-WI-54005-Rate 1,US,WI,54005,5.5,,,,
US-WI-54005-Rate 1,US,WI,54005,5.5,,,,
US-WI-54006-Rate 1,US,WI,54006,5.5,,,,
US-WI-54006-Rate 1,US,WI,54006,5.5,,,,
US-WI-54006-Rate 1,US,WI,54006,5.5,,,,
US-WI-54007-Rate 1,US,WI,54007,5.5,,,,
US-WI-54009-Rate 1,US,WI,54009,5.5,,,,
US-WI-54009-Rate 1,US,WI,54009,5.5,,,,
US-WI-54009-Rate 1,US,WI,54009,5.5,,,,
US-WI-54010-Rate 1,US,WI,54010,5.5,,,,
US-WI-54010-Rate 1,US,WI,54010,5.5,,,,
US-WI-54011-Rate 1,US,WI,54011,5.5,,,,
US-WI-54011-Rate 1,US,WI,54011,5.5,,,,
US-WI-54011-Rate 1,US,WI,54011,5.5,,,,
US-WI-54011-Rate 1,US,WI,54011,5.5,,,,
US-WI-54013-Rate 1,US,WI,54013,5.5,,,,
US-WI-54013-Rate 1,US,WI,54013,5.5,,,,
US-WI-54014-Rate 1,US,WI,54014,5.5,,,,
US-WI-54014-Rate 1,US,WI,54014,5.5,,,,
US-WI-54015-Rate 1,US,WI,54015,5.5,,,,
US-WI-54015-Rate 1,US,WI,54015,5.5,,,,
US-WI-54016-Rate 1,US,WI,54016,5.5,,,,
US-WI-54016-Rate 1,US,WI,54016,5.5,,,,
US-WI-54016-Rate 1,US,WI,54016,5.5,,,,
US-WI-54016-Rate 1,US,WI,54016,5.5,,,,
US-WI-54017-Rate 1,US,WI,54017,5.5,,,,
US-WI-54017-Rate 1,US,WI,54017,5.5,,,,
US-WI-54017-Rate 1,US,WI,54017,5.5,,,,
US-WI-54017-Rate 1,US,WI,54017,5.5,,,,
US-WI-54017-Rate 1,US,WI,54017,5.5,,,,
US-WI-54017-Rate 1,US,WI,54017,5.5,,,,
US-WI-54017-Rate 1,US,WI,54017,5.5,,,,
US-WI-54017-Rate 1,US,WI,54017,5.5,,,,
US-WI-54017-Rate 1,US,WI,54017,5.5,,,,
US-WI-54017-Rate 1,US,WI,54017,5.5,,,,
US-WI-54020-Rate 1,US,WI,54020,5.5,,,,
US-WI-54020-Rate 1,US,WI,54020,5.5,,,,
US-WI-54020-Rate 1,US,WI,54020,5.5,,,,
US-WI-54021-Rate 1,US,WI,54021,5.5,,,,
US-WI-54021-Rate 1,US,WI,54021,5.5,,,,
US-WI-54022-Rate 1,US,WI,54022,5.5,,,,
US-WI-54022-Rate 1,US,WI,54022,5.5,,,,
US-WI-54022-Rate 1,US,WI,54022,5.5,,,,
US-WI-54022-Rate 1,US,WI,54022,5.5,,,,
US-WI-54023-Rate 1,US,WI,54023,5.5,,,,
US-WI-54023-Rate 1,US,WI,54023,5.5,,,,
US-WI-54024-Rate 1,US,WI,54024,5.5,,,,
US-WI-54024-Rate 1,US,WI,54024,5.5,,,,
US-WI-54024-Rate 1,US,WI,54024,5.5,,,,
US-WI-54025-Rate 1,US,WI,54025,5.5,,,,
US-WI-54026-Rate 1,US,WI,54026,5.5,,,,
US-WI-54027-Rate 1,US,WI,54027,5.5,,,,
US-WI-54027-Rate 1,US,WI,54027,5.5,,,,
US-WI-54027-Rate 1,US,WI,54027,5.5,,,,
US-WI-54028-Rate 1,US,WI,54028,5.5,,,,
US-WI-54028-Rate 1,US,WI,54028,5.5,,,,
US-WI-54028-Rate 1,US,WI,54028,5.5,,,,
US-WI-54028-Rate 1,US,WI,54028,5.5,,,,
US-WI-54028-Rate 1,US,WI,54028,5.5,,,,
US-WI-54082-Rate 1,US,WI,54082,5.5,,,,
US-WI-54082-Rate 1,US,WI,54082,5.5,,,,
US-WI-54101-Rate 1,US,WI,54101,5.5,,,,
US-WI-54102-Rate 1,US,WI,54102,5.5,,,,
US-WI-54103-Rate 1,US,WI,54103,5.5,,,,
US-WI-54104-Rate 1,US,WI,54104,5.5,,,,
US-WI-54104-Rate 1,US,WI,54104,5.5,,,,
US-WI-54106-Rate 1,US,WI,54106,5,,,,
US-WI-54106-Rate 1,US,WI,54106,5,,,,
US-WI-54107-Rate 1,US,WI,54107,5.5,,,,
US-WI-54107-Rate 1,US,WI,54107,5.5,,,,
US-WI-54110-Rate 1,US,WI,54110,5,,,,
US-WI-54111-Rate 1,US,WI,54111,5.5,,,,
US-WI-54112-Rate 1,US,WI,54112,5.5,,,,
US-WI-54113-Rate 1,US,WI,54113,5,,,,
US-WI-54114-Rate 1,US,WI,54114,5.5,,,,
US-WI-54114-Rate 1,US,WI,54114,5.5,,,,
US-WI-54114-Rate 1,US,WI,54114,5.5,,,,
US-WI-54115-Rate 1,US,WI,54115,5.5,,,,
US-WI-54119-Rate 1,US,WI,54119,5.5,,,,
US-WI-54119-Rate 1,US,WI,54119,5.5,,,,
US-WI-54120-Rate 1,US,WI,54120,5,,,,
US-WI-54121-Rate 1,US,WI,54121,5,,,,
US-WI-54123-Rate 1,US,WI,54123,5,,,,
US-WI-54124-Rate 1,US,WI,54124,5.5,,,,
US-WI-54124-Rate 1,US,WI,54124,5.5,,,,
US-WI-54124-Rate 1,US,WI,54124,5.5,,,,
US-WI-54125-Rate 1,US,WI,54125,5.5,,,,
US-WI-54126-Rate 1,US,WI,54126,5.5,,,,
US-WI-54126-Rate 1,US,WI,54126,5.5,,,,
US-WI-54127-Rate 1,US,WI,54127,5.5,,,,
US-WI-54128-Rate 1,US,WI,54128,5.5,,,,
US-WI-54129-Rate 1,US,WI,54129,5,,,,
US-WI-54130-Rate 1,US,WI,54130,5,,,,
US-WI-54130-Rate 1,US,WI,54130,5,,,,
US-WI-54131-Rate 1,US,WI,54131,5,,,,
US-WI-54131-Rate 1,US,WI,54131,5,,,,
US-WI-54135-Rate 1,US,WI,54135,5,,,,
US-WI-54136-Rate 1,US,WI,54136,5,,,,
US-WI-54137-Rate 1,US,WI,54137,5.5,,,,
US-WI-54138-Rate 1,US,WI,54138,5.5,,,,
US-WI-54139-Rate 1,US,WI,54139,5.5,,,,
US-WI-54139-Rate 1,US,WI,54139,5.5,,,,
US-WI-54140-Rate 1,US,WI,54140,5,,,,
US-WI-54141-Rate 1,US,WI,54141,5.5,,,,
US-WI-54143-Rate 1,US,WI,54143,5.5,,,,
US-WI-54143-Rate 1,US,WI,54143,5.5,,,,
US-WI-54149-Rate 1,US,WI,54149,5.5,,,,
US-WI-54150-Rate 1,US,WI,54150,5,,,,
US-WI-54151-Rate 1,US,WI,54151,5.5,,,,
US-WI-54152-Rate 1,US,WI,54152,5,,,,
US-WI-54153-Rate 1,US,WI,54153,5.5,,,,
US-WI-54153-Rate 1,US,WI,54153,5.5,,,,
US-WI-54154-Rate 1,US,WI,54154,5.5,,,,
US-WI-54154-Rate 1,US,WI,54154,5.5,,,,
US-WI-54155-Rate 1,US,WI,54155,5.5,,,,
US-WI-54156-Rate 1,US,WI,54156,5.5,,,,
US-WI-54156-Rate 1,US,WI,54156,5.5,,,,
US-WI-54157-Rate 1,US,WI,54157,5.5,,,,
US-WI-54159-Rate 1,US,WI,54159,5.5,,,,
US-WI-54159-Rate 1,US,WI,54159,5.5,,,,
US-WI-54160-Rate 1,US,WI,54160,5,,,,
US-WI-54161-Rate 1,US,WI,54161,5.5,,,,
US-WI-54162-Rate 1,US,WI,54162,5.5,,,,
US-WI-54162-Rate 1,US,WI,54162,5.5,,,,
US-WI-54162-Rate 1,US,WI,54162,5.5,,,,
US-WI-54162-Rate 1,US,WI,54162,5.5,,,,
US-WI-54165-Rate 1,US,WI,54165,5,,,,
US-WI-54165-Rate 1,US,WI,54165,5,,,,
US-WI-54165-Rate 1,US,WI,54165,5,,,,
US-WI-54166-Rate 1,US,WI,54166,5.5,,,,
US-WI-54166-Rate 1,US,WI,54166,5.5,,,,
US-WI-54169-Rate 1,US,WI,54169,5,,,,
US-WI-54170-Rate 1,US,WI,54170,5,,,,
US-WI-54171-Rate 1,US,WI,54171,5.5,,,,
US-WI-54171-Rate 1,US,WI,54171,5.5,,,,
US-WI-54173-Rate 1,US,WI,54173,5.5,,,,
US-WI-54174-Rate 1,US,WI,54174,5.5,,,,
US-WI-54175-Rate 1,US,WI,54175,5.5,,,,
US-WI-54177-Rate 1,US,WI,54177,5.5,,,,
US-WI-54180-Rate 1,US,WI,54180,5.5,,,,
US-WI-54180-Rate 1,US,WI,54180,5.5,,,,
US-WI-54182-Rate 1,US,WI,54182,5.5,,,,
US-WI-54182-Rate 1,US,WI,54182,5.5,,,,
US-WI-54201-Rate 1,US,WI,54201,5,,,,
US-WI-54201-Rate 1,US,WI,54201,5,,,,
US-WI-54202-Rate 1,US,WI,54202,5.5,,,,
US-WI-54204-Rate 1,US,WI,54204,5.5,,,,
US-WI-54205-Rate 1,US,WI,54205,5,,,,
US-WI-54207-Rate 1,US,WI,54207,5,,,,
US-WI-54208-Rate 1,US,WI,54208,5.5,,,,
US-WI-54208-Rate 1,US,WI,54208,5.5,,,,
US-WI-54208-Rate 1,US,WI,54208,5.5,,,,
US-WI-54209-Rate 1,US,WI,54209,5.5,,,,
US-WI-54210-Rate 1,US,WI,54210,5.5,,,,
US-WI-54211-Rate 1,US,WI,54211,5.5,,,,
US-WI-54212-Rate 1,US,WI,54212,5.5,,,,
US-WI-54213-Rate 1,US,WI,54213,5.5,,,,
US-WI-54214-Rate 1,US,WI,54214,5,,,,
US-WI-54215-Rate 1,US,WI,54215,5,,,,
US-WI-54216-Rate 1,US,WI,54216,5,,,,
US-WI-54217-Rate 1,US,WI,54217,5,,,,
US-WI-54217-Rate 1,US,WI,54217,5,,,,
US-WI-54220-Rate 1,US,WI,54220,5,,,,
US-WI-54221-Rate 1,US,WI,54221,5,,,,
US-WI-54226-Rate 1,US,WI,54226,5.5,,,,
US-WI-54227-Rate 1,US,WI,54227,5,,,,
US-WI-54228-Rate 1,US,WI,54228,5,,,,
US-WI-54229-Rate 1,US,WI,54229,5.5,,,,
US-WI-54230-Rate 1,US,WI,54230,5,,,,
US-WI-54230-Rate 1,US,WI,54230,5,,,,
US-WI-54232-Rate 1,US,WI,54232,5,,,,
US-WI-54234-Rate 1,US,WI,54234,5.5,,,,
US-WI-54235-Rate 1,US,WI,54235,5.5,,,,
US-WI-54235-Rate 1,US,WI,54235,5.5,,,,
US-WI-54235-Rate 1,US,WI,54235,5.5,,,,
US-WI-54235-Rate 1,US,WI,54235,5.5,,,,
US-WI-54235-Rate 1,US,WI,54235,5.5,,,,
US-WI-54240-Rate 1,US,WI,54240,5,,,,
US-WI-54241-Rate 1,US,WI,54241,5,,,,
US-WI-54245-Rate 1,US,WI,54245,5,,,,
US-WI-54246-Rate 1,US,WI,54246,5.5,,,,
US-WI-54247-Rate 1,US,WI,54247,5,,,,
US-WI-54247-Rate 1,US,WI,54247,5,,,,
US-WI-54301-Rate 1,US,WI,54301,5.5,,,,
US-WI-54301-Rate 1,US,WI,54301,5.5,,,,
US-WI-54301-Rate 1,US,WI,54301,5.5,,,,
US-WI-54302-Rate 1,US,WI,54302,5.5,,,,
US-WI-54302-Rate 1,US,WI,54302,5.5,,,,
US-WI-54303-Rate 1,US,WI,54303,5.5,,,,
US-WI-54303-Rate 1,US,WI,54303,5.5,,,,
US-WI-54304-Rate 1,US,WI,54304,5.5,,,,
US-WI-54304-Rate 1,US,WI,54304,5.5,,,,
US-WI-54305-Rate 1,US,WI,54305,5.5,,,,
US-WI-54306-Rate 1,US,WI,54306,5.5,,,,
US-WI-54307-Rate 1,US,WI,54307,5.5,,,,
US-WI-54308-Rate 1,US,WI,54308,5.5,,,,
US-WI-54311-Rate 1,US,WI,54311,5.5,,,,
US-WI-54311-Rate 1,US,WI,54311,5.5,,,,
US-WI-54313-Rate 1,US,WI,54313,5.5,,,,
US-WI-54313-Rate 1,US,WI,54313,5.5,,,,
US-WI-54313-Rate 1,US,WI,54313,5.5,,,,
US-WI-54313-Rate 1,US,WI,54313,5.5,,,,
US-WI-54313-Rate 1,US,WI,54313,5.5,,,,
US-WI-54324-Rate 1,US,WI,54324,5.5,,,,
US-WI-54324-Rate 1,US,WI,54324,5.5,,,,
US-WI-54344-Rate 1,US,WI,54344,5.5,,,,
US-WI-54401-Rate 1,US,WI,54401,5.5,,,,
US-WI-54401-Rate 1,US,WI,54401,5.5,,,,
US-WI-54402-Rate 1,US,WI,54402,5.5,,,,
US-WI-54403-Rate 1,US,WI,54403,5.5,,,,
US-WI-54404-Rate 1,US,WI,54404,5.5,,,,
US-WI-54405-Rate 1,US,WI,54405,5,,,,
US-WI-54406-Rate 1,US,WI,54406,5.5,,,,
US-WI-54407-Rate 1,US,WI,54407,5.5,,,,
US-WI-54407-Rate 1,US,WI,54407,5.5,,,,
US-WI-54408-Rate 1,US,WI,54408,5.5,,,,
US-WI-54408-Rate 1,US,WI,54408,5.5,,,,
US-WI-54409-Rate 1,US,WI,54409,5.5,,,,
US-WI-54410-Rate 1,US,WI,54410,5.5,,,,
US-WI-54410-Rate 1,US,WI,54410,5.5,,,,
US-WI-54411-Rate 1,US,WI,54411,5.5,,,,
US-WI-54411-Rate 1,US,WI,54411,5.5,,,,
US-WI-54411-Rate 1,US,WI,54411,5.5,,,,
US-WI-54411-Rate 1,US,WI,54411,5.5,,,,
US-WI-54412-Rate 1,US,WI,54412,5.5,,,,
US-WI-54413-Rate 1,US,WI,54413,5.5,,,,
US-WI-54413-Rate 1,US,WI,54413,5.5,,,,
US-WI-54414-Rate 1,US,WI,54414,5.5,,,,
US-WI-54414-Rate 1,US,WI,54414,5.5,,,,
US-WI-54415-Rate 1,US,WI,54415,5.5,,,,
US-WI-54416-Rate 1,US,WI,54416,5.5,,,,
US-WI-54417-Rate 1,US,WI,54417,5.5,,,,
US-WI-54418-Rate 1,US,WI,54418,5.5,,,,
US-WI-54418-Rate 1,US,WI,54418,5.5,,,,
US-WI-54418-Rate 1,US,WI,54418,5.5,,,,
US-WI-54420-Rate 1,US,WI,54420,5,,,,
US-WI-54421-Rate 1,US,WI,54421,5,,,,
US-WI-54422-Rate 1,US,WI,54422,5,,,,
US-WI-54422-Rate 1,US,WI,54422,5,,,,
US-WI-54423-Rate 1,US,WI,54423,5.5,,,,
US-WI-54423-Rate 1,US,WI,54423,5.5,,,,
US-WI-54424-Rate 1,US,WI,54424,5.5,,,,
US-WI-54424-Rate 1,US,WI,54424,5.5,,,,
US-WI-54424-Rate 1,US,WI,54424,5.5,,,,
US-WI-54425-Rate 1,US,WI,54425,5,,,,
US-WI-54426-Rate 1,US,WI,54426,5.5,,,,
US-WI-54426-Rate 1,US,WI,54426,5.5,,,,
US-WI-54426-Rate 1,US,WI,54426,5.5,,,,
US-WI-54426-Rate 1,US,WI,54426,5.5,,,,
US-WI-54427-Rate 1,US,WI,54427,5.5,,,,
US-WI-54428-Rate 1,US,WI,54428,5.5,,,,
US-WI-54428-Rate 1,US,WI,54428,5.5,,,,
US-WI-54429-Rate 1,US,WI,54429,5.5,,,,
US-WI-54430-Rate 1,US,WI,54430,5.5,,,,
US-WI-54432-Rate 1,US,WI,54432,5.5,,,,
US-WI-54432-Rate 1,US,WI,54432,5.5,,,,
US-WI-54433-Rate 1,US,WI,54433,5.5,,,,
US-WI-54433-Rate 1,US,WI,54433,5.5,,,,
US-WI-54433-Rate 1,US,WI,54433,5.5,,,,
US-WI-54434-Rate 1,US,WI,54434,5.5,,,,
US-WI-54434-Rate 1,US,WI,54434,5.5,,,,
US-WI-54435-Rate 1,US,WI,54435,5.5,,,,
US-WI-54435-Rate 1,US,WI,54435,5.5,,,,
US-WI-54435-Rate 1,US,WI,54435,5.5,,,,
US-WI-54435-Rate 1,US,WI,54435,5.5,,,,
US-WI-54435-Rate 1,US,WI,54435,5.5,,,,
US-WI-54435-Rate 1,US,WI,54435,5.5,,,,
US-WI-54436-Rate 1,US,WI,54436,5,,,,
US-WI-54436-Rate 1,US,WI,54436,5,,,,
US-WI-54436-Rate 1,US,WI,54436,5,,,,
US-WI-54437-Rate 1,US,WI,54437,5,,,,
US-WI-54437-Rate 1,US,WI,54437,5,,,,
US-WI-54439-Rate 1,US,WI,54439,5.5,,,,
US-WI-54440-Rate 1,US,WI,54440,5.5,,,,
US-WI-54440-Rate 1,US,WI,54440,5.5,,,,
US-WI-54441-Rate 1,US,WI,54441,5.5,,,,
US-WI-54441-Rate 1,US,WI,54441,5.5,,,,
US-WI-54442-Rate 1,US,WI,54442,5.5,,,,
US-WI-54442-Rate 1,US,WI,54442,5.5,,,,
US-WI-54442-Rate 1,US,WI,54442,5.5,,,,
US-WI-54443-Rate 1,US,WI,54443,5.5,,,,
US-WI-54443-Rate 1,US,WI,54443,5.5,,,,
US-WI-54443-Rate 1,US,WI,54443,5.5,,,,
US-WI-54446-Rate 1,US,WI,54446,5,,,,
US-WI-54446-Rate 1,US,WI,54446,5,,,,
US-WI-54447-Rate 1,US,WI,54447,5.5,,,,
US-WI-54448-Rate 1,US,WI,54448,5.5,,,,
US-WI-54448-Rate 1,US,WI,54448,5.5,,,,
US-WI-54448-Rate 1,US,WI,54448,5.5,,,,
US-WI-54449-Rate 1,US,WI,54449,5.5,,,,
US-WI-54449-Rate 1,US,WI,54449,5.5,,,,
US-WI-54449-Rate 1,US,WI,54449,5.5,,,,
US-WI-54449-Rate 1,US,WI,54449,5.5,,,,
US-WI-54450-Rate 1,US,WI,54450,5.5,,,,
US-WI-54451-Rate 1,US,WI,54451,5.5,,,,
US-WI-54451-Rate 1,US,WI,54451,5.5,,,,
US-WI-54451-Rate 1,US,WI,54451,5.5,,,,
US-WI-54451-Rate 1,US,WI,54451,5.5,,,,
US-WI-54451-Rate 1,US,WI,54451,5.5,,,,
US-WI-54451-Rate 1,US,WI,54451,5.5,,,,
US-WI-54451-Rate 1,US,WI,54451,5.5,,,,
US-WI-54452-Rate 1,US,WI,54452,5.5,,,,
US-WI-54452-Rate 1,US,WI,54452,5.5,,,,
US-WI-54452-Rate 1,US,WI,54452,5.5,,,,
US-WI-54452-Rate 1,US,WI,54452,5.5,,,,
US-WI-54454-Rate 1,US,WI,54454,5.5,,,,
US-WI-54454-Rate 1,US,WI,54454,5.5,,,,
US-WI-54455-Rate 1,US,WI,54455,5.5,,,,
US-WI-54455-Rate 1,US,WI,54455,5.5,,,,
US-WI-54455-Rate 1,US,WI,54455,5.5,,,,
US-WI-54455-Rate 1,US,WI,54455,5.5,,,,
US-WI-54455-Rate 1,US,WI,54455,5.5,,,,
US-WI-54455-Rate 1,US,WI,54455,5.5,,,,
US-WI-54455-Rate 1,US,WI,54455,5.5,,,,
US-WI-54455-Rate 1,US,WI,54455,5.5,,,,
US-WI-54456-Rate 1,US,WI,54456,5,,,,
US-WI-54456-Rate 1,US,WI,54456,5,,,,
US-WI-54457-Rate 1,US,WI,54457,5.5,,,,
US-WI-54457-Rate 1,US,WI,54457,5.5,,,,
US-WI-54458-Rate 1,US,WI,54458,5.5,,,,
US-WI-54459-Rate 1,US,WI,54459,5.5,,,,
US-WI-54460-Rate 1,US,WI,54460,5,,,,
US-WI-54460-Rate 1,US,WI,54460,5,,,,
US-WI-54460-Rate 1,US,WI,54460,5,,,,
US-WI-54462-Rate 1,US,WI,54462,5.5,,,,
US-WI-54463-Rate 1,US,WI,54463,5.5,,,,
US-WI-54464-Rate 1,US,WI,54464,5.5,,,,
US-WI-54465-Rate 1,US,WI,54465,5.5,,,,
US-WI-54466-Rate 1,US,WI,54466,5.5,,,,
US-WI-54466-Rate 1,US,WI,54466,5.5,,,,
US-WI-54466-Rate 1,US,WI,54466,5.5,,,,
US-WI-54466-Rate 1,US,WI,54466,5.5,,,,
US-WI-54466-Rate 1,US,WI,54466,5.5,,,,
US-WI-54467-Rate 1,US,WI,54467,5.5,,,,
US-WI-54467-Rate 1,US,WI,54467,5.5,,,,
US-WI-54467-Rate 1,US,WI,54467,5.5,,,,
US-WI-54469-Rate 1,US,WI,54469,5.5,,,,
US-WI-54470-Rate 1,US,WI,54470,5.5,,,,
US-WI-54471-Rate 1,US,WI,54471,5.5,,,,
US-WI-54472-Rate 1,US,WI,54472,5.5,,,,
US-WI-54473-Rate 1,US,WI,54473,5.5,,,,
US-WI-54473-Rate 1,US,WI,54473,5.5,,,,
US-WI-54474-Rate 1,US,WI,54474,5.5,,,,
US-WI-54474-Rate 1,US,WI,54474,5.5,,,,
US-WI-54475-Rate 1,US,WI,54475,5.5,,,,
US-WI-54476-Rate 1,US,WI,54476,5.5,,,,
US-WI-54476-Rate 1,US,WI,54476,5.5,,,,
US-WI-54476-Rate 1,US,WI,54476,5.5,,,,
US-WI-54479-Rate 1,US,WI,54479,5.5,,,,
US-WI-54479-Rate 1,US,WI,54479,5.5,,,,
US-WI-54480-Rate 1,US,WI,54480,5.5,,,,
US-WI-54480-Rate 1,US,WI,54480,5.5,,,,
US-WI-54481-Rate 1,US,WI,54481,5.5,,,,
US-WI-54481-Rate 1,US,WI,54481,5.5,,,,
US-WI-54481-Rate 1,US,WI,54481,5.5,,,,
US-WI-54481-Rate 1,US,WI,54481,5.5,,,,
US-WI-54481-Rate 1,US,WI,54481,5.5,,,,
US-WI-54481-Rate 1,US,WI,54481,5.5,,,,
US-WI-54481-Rate 1,US,WI,54481,5.5,,,,
US-WI-54481-Rate 1,US,WI,54481,5.5,,,,
US-WI-54481-Rate 1,US,WI,54481,5.5,,,,
US-WI-54481-Rate 1,US,WI,54481,5.5,,,,
US-WI-54484-Rate 1,US,WI,54484,5.5,,,,
US-WI-54484-Rate 1,US,WI,54484,5.5,,,,
US-WI-54485-Rate 1,US,WI,54485,5.5,,,,
US-WI-54486-Rate 1,US,WI,54486,5.5,,,,
US-WI-54486-Rate 1,US,WI,54486,5.5,,,,
US-WI-54486-Rate 1,US,WI,54486,5.5,,,,
US-WI-54486-Rate 1,US,WI,54486,5.5,,,,
US-WI-54486-Rate 1,US,WI,54486,5.5,,,,
US-WI-54487-Rate 1,US,WI,54487,5.5,,,,
US-WI-54487-Rate 1,US,WI,54487,5.5,,,,
US-WI-54487-Rate 1,US,WI,54487,5.5,,,,
US-WI-54487-Rate 1,US,WI,54487,5.5,,,,
US-WI-54488-Rate 1,US,WI,54488,5.5,,,,
US-WI-54489-Rate 1,US,WI,54489,5.5,,,,
US-WI-54489-Rate 1,US,WI,54489,5.5,,,,
US-WI-54489-Rate 1,US,WI,54489,5.5,,,,
US-WI-54489-Rate 1,US,WI,54489,5.5,,,,
US-WI-54489-Rate 1,US,WI,54489,5.5,,,,
US-WI-54490-Rate 1,US,WI,54490,5.5,,,,
US-WI-54491-Rate 1,US,WI,54491,5.5,,,,
US-WI-54491-Rate 1,US,WI,54491,5.5,,,,
US-WI-54491-Rate 1,US,WI,54491,5.5,,,,
US-WI-54491-Rate 1,US,WI,54491,5.5,,,,
US-WI-54492-Rate 1,US,WI,54492,5.5,,,,
US-WI-54493-Rate 1,US,WI,54493,5,,,,
US-WI-54493-Rate 1,US,WI,54493,5,,,,
US-WI-54494-Rate 1,US,WI,54494,5.5,,,,
US-WI-54494-Rate 1,US,WI,54494,5.5,,,,
US-WI-54494-Rate 1,US,WI,54494,5.5,,,,
US-WI-54494-Rate 1,US,WI,54494,5.5,,,,
US-WI-54494-Rate 1,US,WI,54494,5.5,,,,
US-WI-54495-Rate 1,US,WI,54495,5.5,,,,
US-WI-54498-Rate 1,US,WI,54498,5,,,,
US-WI-54498-Rate 1,US,WI,54498,5,,,,
US-WI-54498-Rate 1,US,WI,54498,5,,,,
US-WI-54498-Rate 1,US,WI,54498,5,,,,
US-WI-54498-Rate 1,US,WI,54498,5,,,,
US-WI-54499-Rate 1,US,WI,54499,5.5,,,,
US-WI-54499-Rate 1,US,WI,54499,5.5,,,,
US-WI-54499-Rate 1,US,WI,54499,5.5,,,,
US-WI-54501-Rate 1,US,WI,54501,5.5,,,,
US-WI-54501-Rate 1,US,WI,54501,5.5,,,,
US-WI-54501-Rate 1,US,WI,54501,5.5,,,,
US-WI-54501-Rate 1,US,WI,54501,5.5,,,,
US-WI-54501-Rate 1,US,WI,54501,5.5,,,,
US-WI-54501-Rate 1,US,WI,54501,5.5,,,,
US-WI-54501-Rate 1,US,WI,54501,5.5,,,,
US-WI-54501-Rate 1,US,WI,54501,5.5,,,,
US-WI-54511-Rate 1,US,WI,54511,5.5,,,,
US-WI-54511-Rate 1,US,WI,54511,5.5,,,,
US-WI-54511-Rate 1,US,WI,54511,5.5,,,,
US-WI-54511-Rate 1,US,WI,54511,5.5,,,,
US-WI-54512-Rate 1,US,WI,54512,5.5,,,,
US-WI-54513-Rate 1,US,WI,54513,5.5,,,,
US-WI-54514-Rate 1,US,WI,54514,5.5,,,,
US-WI-54515-Rate 1,US,WI,54515,5.5,,,,
US-WI-54517-Rate 1,US,WI,54517,5.5,,,,
US-WI-54519-Rate 1,US,WI,54519,5.5,,,,
US-WI-54520-Rate 1,US,WI,54520,5.5,,,,
US-WI-54520-Rate 1,US,WI,54520,5.5,,,,
US-WI-54520-Rate 1,US,WI,54520,5.5,,,,
US-WI-54521-Rate 1,US,WI,54521,5.5,,,,
US-WI-54521-Rate 1,US,WI,54521,5.5,,,,
US-WI-54521-Rate 1,US,WI,54521,5.5,,,,
US-WI-54521-Rate 1,US,WI,54521,5.5,,,,
US-WI-54524-Rate 1,US,WI,54524,5.5,,,,
US-WI-54525-Rate 1,US,WI,54525,5.5,,,,
US-WI-54526-Rate 1,US,WI,54526,5.5,,,,
US-WI-54526-Rate 1,US,WI,54526,5.5,,,,
US-WI-54526-Rate 1,US,WI,54526,5.5,,,,
US-WI-54527-Rate 1,US,WI,54527,5.5,,,,
US-WI-54529-Rate 1,US,WI,54529,5.5,,,,
US-WI-54529-Rate 1,US,WI,54529,5.5,,,,
US-WI-54529-Rate 1,US,WI,54529,5.5,,,,
US-WI-54530-Rate 1,US,WI,54530,5.5,,,,
US-WI-54530-Rate 1,US,WI,54530,5.5,,,,
US-WI-54531-Rate 1,US,WI,54531,5.5,,,,
US-WI-54532-Rate 1,US,WI,54532,5.5,,,,
US-WI-54532-Rate 1,US,WI,54532,5.5,,,,
US-WI-54534-Rate 1,US,WI,54534,5.5,,,,
US-WI-54534-Rate 1,US,WI,54534,5.5,,,,
US-WI-54534-Rate 1,US,WI,54534,5.5,,,,
US-WI-54534-Rate 1,US,WI,54534,5.5,,,,
US-WI-54536-Rate 1,US,WI,54536,5.5,,,,
US-WI-54537-Rate 1,US,WI,54537,5.5,,,,
US-WI-54538-Rate 1,US,WI,54538,5.5,,,,
US-WI-54539-Rate 1,US,WI,54539,5.5,,,,
US-WI-54540-Rate 1,US,WI,54540,5.5,,,,
US-WI-54541-Rate 1,US,WI,54541,5.5,,,,
US-WI-54541-Rate 1,US,WI,54541,5.5,,,,
US-WI-54542-Rate 1,US,WI,54542,5,,,,
US-WI-54542-Rate 1,US,WI,54542,5,,,,
US-WI-54542-Rate 1,US,WI,54542,5,,,,
US-WI-54542-Rate 1,US,WI,54542,5,,,,
US-WI-54542-Rate 1,US,WI,54542,5,,,,
US-WI-54543-Rate 1,US,WI,54543,5.5,,,,
US-WI-54545-Rate 1,US,WI,54545,5.5,,,,
US-WI-54546-Rate 1,US,WI,54546,5.5,,,,
US-WI-54546-Rate 1,US,WI,54546,5.5,,,,
US-WI-54546-Rate 1,US,WI,54546,5.5,,,,
US-WI-54546-Rate 1,US,WI,54546,5.5,,,,
US-WI-54547-Rate 1,US,WI,54547,5.5,,,,
US-WI-54548-Rate 1,US,WI,54548,5.5,,,,
US-WI-54550-Rate 1,US,WI,54550,5.5,,,,
US-WI-54550-Rate 1,US,WI,54550,5.5,,,,
US-WI-54552-Rate 1,US,WI,54552,5.5,,,,
US-WI-54552-Rate 1,US,WI,54552,5.5,,,,
US-WI-54552-Rate 1,US,WI,54552,5.5,,,,
US-WI-54552-Rate 1,US,WI,54552,5.5,,,,
US-WI-54552-Rate 1,US,WI,54552,5.5,,,,
US-WI-54552-Rate 1,US,WI,54552,5.5,,,,
US-WI-54552-Rate 1,US,WI,54552,5.5,,,,
US-WI-54554-Rate 1,US,WI,54554,5.5,,,,
US-WI-54555-Rate 1,US,WI,54555,5.5,,,,
US-WI-54555-Rate 1,US,WI,54555,5.5,,,,
US-WI-54555-Rate 1,US,WI,54555,5.5,,,,
US-WI-54555-Rate 1,US,WI,54555,5.5,,,,
US-WI-54555-Rate 1,US,WI,54555,5.5,,,,
US-WI-54555-Rate 1,US,WI,54555,5.5,,,,
US-WI-54556-Rate 1,US,WI,54556,5.5,,,,
US-WI-54557-Rate 1,US,WI,54557,5.5,,,,
US-WI-54557-Rate 1,US,WI,54557,5.5,,,,
US-WI-54558-Rate 1,US,WI,54558,5.5,,,,
US-WI-54559-Rate 1,US,WI,54559,5.5,,,,
US-WI-54559-Rate 1,US,WI,54559,5.5,,,,
US-WI-54559-Rate 1,US,WI,54559,5.5,,,,
US-WI-54560-Rate 1,US,WI,54560,5.5,,,,
US-WI-54560-Rate 1,US,WI,54560,5.5,,,,
US-WI-54561-Rate 1,US,WI,54561,5.5,,,,
US-WI-54561-Rate 1,US,WI,54561,5.5,,,,
US-WI-54561-Rate 1,US,WI,54561,5.5,,,,
US-WI-54562-Rate 1,US,WI,54562,5.5,,,,
US-WI-54562-Rate 1,US,WI,54562,5.5,,,,
US-WI-54563-Rate 1,US,WI,54563,5.5,,,,
US-WI-54564-Rate 1,US,WI,54564,5.5,,,,
US-WI-54564-Rate 1,US,WI,54564,5.5,,,,
US-WI-54565-Rate 1,US,WI,54565,5.5,,,,
US-WI-54565-Rate 1,US,WI,54565,5.5,,,,
US-WI-54565-Rate 1,US,WI,54565,5.5,,,,
US-WI-54566-Rate 1,US,WI,54566,5.5,,,,
US-WI-54566-Rate 1,US,WI,54566,5.5,,,,
US-WI-54566-Rate 1,US,WI,54566,5.5,,,,
US-WI-54566-Rate 1,US,WI,54566,5.5,,,,
US-WI-54568-Rate 1,US,WI,54568,5.5,,,,
US-WI-54568-Rate 1,US,WI,54568,5.5,,,,
US-WI-54601-Rate 1,US,WI,54601,5.5,,,,
US-WI-54601-Rate 1,US,WI,54601,5.5,,,,
US-WI-54601-Rate 1,US,WI,54601,5.5,,,,
US-WI-54601-Rate 1,US,WI,54601,5.5,,,,
US-WI-54601-Rate 1,US,WI,54601,5.5,,,,
US-WI-54602-Rate 1,US,WI,54602,5.5,,,,
US-WI-54602-Rate 1,US,WI,54602,5.5,,,,
US-WI-54603-Rate 1,US,WI,54603,5.5,,,,
US-WI-54603-Rate 1,US,WI,54603,5.5,,,,
US-WI-54610-Rate 1,US,WI,54610,5.5,,,,
US-WI-54610-Rate 1,US,WI,54610,5.5,,,,
US-WI-54611-Rate 1,US,WI,54611,5.5,,,,
US-WI-54612-Rate 1,US,WI,54612,5.5,,,,
US-WI-54613-Rate 1,US,WI,54613,5.5,,,,
US-WI-54613-Rate 1,US,WI,54613,5.5,,,,
US-WI-54613-Rate 1,US,WI,54613,5.5,,,,
US-WI-54614-Rate 1,US,WI,54614,5.5,,,,
US-WI-54614-Rate 1,US,WI,54614,5.5,,,,
US-WI-54614-Rate 1,US,WI,54614,5.5,,,,
US-WI-54615-Rate 1,US,WI,54615,5.5,,,,
US-WI-54615-Rate 1,US,WI,54615,5.5,,,,
US-WI-54616-Rate 1,US,WI,54616,5.5,,,,
US-WI-54618-Rate 1,US,WI,54618,5.5,,,,
US-WI-54618-Rate 1,US,WI,54618,5.5,,,,
US-WI-54619-Rate 1,US,WI,54619,5.5,,,,
US-WI-54620-Rate 1,US,WI,54620,5.5,,,,
US-WI-54621-Rate 1,US,WI,54621,5.5,,,,
US-WI-54622-Rate 1,US,WI,54622,5.5,,,,
US-WI-54622-Rate 1,US,WI,54622,5.5,,,,
US-WI-54622-Rate 1,US,WI,54622,5.5,,,,
US-WI-54623-Rate 1,US,WI,54623,5.5,,,,
US-WI-54624-Rate 1,US,WI,54624,5.5,,,,
US-WI-54624-Rate 1,US,WI,54624,5.5,,,,
US-WI-54625-Rate 1,US,WI,54625,5.5,,,,
US-WI-54626-Rate 1,US,WI,54626,5.5,,,,
US-WI-54626-Rate 1,US,WI,54626,5.5,,,,
US-WI-54627-Rate 1,US,WI,54627,5.5,,,,
US-WI-54628-Rate 1,US,WI,54628,5.5,,,,
US-WI-54629-Rate 1,US,WI,54629,5.5,,,,
US-WI-54630-Rate 1,US,WI,54630,5.5,,,,
US-WI-54630-Rate 1,US,WI,54630,5.5,,,,
US-WI-54631-Rate 1,US,WI,54631,5.5,,,,
US-WI-54631-Rate 1,US,WI,54631,5.5,,,,
US-WI-54632-Rate 1,US,WI,54632,5.5,,,,
US-WI-54634-Rate 1,US,WI,54634,5.5,,,,
US-WI-54634-Rate 1,US,WI,54634,5.5,,,,
US-WI-54634-Rate 1,US,WI,54634,5.5,,,,
US-WI-54635-Rate 1,US,WI,54635,5.5,,,,
US-WI-54635-Rate 1,US,WI,54635,5.5,,,,
US-WI-54636-Rate 1,US,WI,54636,5.5,,,,
US-WI-54637-Rate 1,US,WI,54637,5.5,,,,
US-WI-54637-Rate 1,US,WI,54637,5.5,,,,
US-WI-54638-Rate 1,US,WI,54638,5.5,,,,
US-WI-54639-Rate 1,US,WI,54639,5.5,,,,
US-WI-54639-Rate 1,US,WI,54639,5.5,,,,
US-WI-54640-Rate 1,US,WI,54640,5.5,,,,
US-WI-54641-Rate 1,US,WI,54641,5.5,,,,
US-WI-54642-Rate 1,US,WI,54642,5.5,,,,
US-WI-54643-Rate 1,US,WI,54643,5.5,,,,
US-WI-54644-Rate 1,US,WI,54644,5.5,,,,
US-WI-54645-Rate 1,US,WI,54645,5.5,,,,
US-WI-54646-Rate 1,US,WI,54646,5.5,,,,
US-WI-54646-Rate 1,US,WI,54646,5.5,,,,
US-WI-54648-Rate 1,US,WI,54648,5.5,,,,
US-WI-54649-Rate 1,US,WI,54649,5.5,,,,
US-WI-54650-Rate 1,US,WI,54650,5.5,,,,
US-WI-54651-Rate 1,US,WI,54651,5.5,,,,
US-WI-54652-Rate 1,US,WI,54652,5.5,,,,
US-WI-54653-Rate 1,US,WI,54653,5.5,,,,
US-WI-54654-Rate 1,US,WI,54654,5.5,,,,
US-WI-54655-Rate 1,US,WI,54655,5.5,,,,
US-WI-54656-Rate 1,US,WI,54656,5.5,,,,
US-WI-54656-Rate 1,US,WI,54656,5.5,,,,
US-WI-54656-Rate 1,US,WI,54656,5.5,,,,
US-WI-54657-Rate 1,US,WI,54657,5.5,,,,
US-WI-54658-Rate 1,US,WI,54658,5.5,,,,
US-WI-54659-Rate 1,US,WI,54659,5.5,,,,
US-WI-54660-Rate 1,US,WI,54660,5.5,,,,
US-WI-54660-Rate 1,US,WI,54660,5.5,,,,
US-WI-54661-Rate 1,US,WI,54661,5.5,,,,
US-WI-54662-Rate 1,US,WI,54662,5.5,,,,
US-WI-54664-Rate 1,US,WI,54664,5.5,,,,
US-WI-54665-Rate 1,US,WI,54665,5.5,,,,
US-WI-54666-Rate 1,US,WI,54666,5.5,,,,
US-WI-54667-Rate 1,US,WI,54667,5.5,,,,
US-WI-54667-Rate 1,US,WI,54667,5.5,,,,
US-WI-54669-Rate 1,US,WI,54669,5.5,,,,
US-WI-54670-Rate 1,US,WI,54670,5.5,,,,
US-WI-54701-Rate 1,US,WI,54701,5.5,,,,
US-WI-54701-Rate 1,US,WI,54701,5.5,,,,
US-WI-54702-Rate 1,US,WI,54702,5.5,,,,
US-WI-54703-Rate 1,US,WI,54703,5.5,,,,
US-WI-54703-Rate 1,US,WI,54703,5.5,,,,
US-WI-54720-Rate 1,US,WI,54720,5.5,,,,
US-WI-54721-Rate 1,US,WI,54721,5.5,,,,
US-WI-54722-Rate 1,US,WI,54722,5.5,,,,
US-WI-54723-Rate 1,US,WI,54723,5.5,,,,
US-WI-54724-Rate 1,US,WI,54724,5.5,,,,
US-WI-54724-Rate 1,US,WI,54724,5.5,,,,
US-WI-54725-Rate 1,US,WI,54725,5.5,,,,
US-WI-54725-Rate 1,US,WI,54725,5.5,,,,
US-WI-54726-Rate 1,US,WI,54726,5.5,,,,
US-WI-54726-Rate 1,US,WI,54726,5.5,,,,
US-WI-54727-Rate 1,US,WI,54727,5.5,,,,
US-WI-54727-Rate 1,US,WI,54727,5.5,,,,
US-WI-54728-Rate 1,US,WI,54728,5.5,,,,
US-WI-54729-Rate 1,US,WI,54729,5.5,,,,
US-WI-54729-Rate 1,US,WI,54729,5.5,,,,
US-WI-54729-Rate 1,US,WI,54729,5.5,,,,
US-WI-54729-Rate 1,US,WI,54729,5.5,,,,
US-WI-54729-Rate 1,US,WI,54729,5.5,,,,
US-WI-54729-Rate 1,US,WI,54729,5.5,,,,
US-WI-54729-Rate 1,US,WI,54729,5.5,,,,
US-WI-54729-Rate 1,US,WI,54729,5.5,,,,
US-WI-54730-Rate 1,US,WI,54730,5.5,,,,
US-WI-54730-Rate 1,US,WI,54730,5.5,,,,
US-WI-54731-Rate 1,US,WI,54731,5.5,,,,
US-WI-54732-Rate 1,US,WI,54732,5.5,,,,
US-WI-54733-Rate 1,US,WI,54733,5.5,,,,
US-WI-54733-Rate 1,US,WI,54733,5.5,,,,
US-WI-54734-Rate 1,US,WI,54734,5.5,,,,
US-WI-54735-Rate 1,US,WI,54735,5.5,,,,
US-WI-54736-Rate 1,US,WI,54736,5.5,,,,
US-WI-54737-Rate 1,US,WI,54737,5.5,,,,
US-WI-54738-Rate 1,US,WI,54738,5.5,,,,
US-WI-54738-Rate 1,US,WI,54738,5.5,,,,
US-WI-54739-Rate 1,US,WI,54739,5.5,,,,
US-WI-54740-Rate 1,US,WI,54740,5.5,,,,
US-WI-54741-Rate 1,US,WI,54741,5.5,,,,
US-WI-54742-Rate 1,US,WI,54742,5.5,,,,
US-WI-54742-Rate 1,US,WI,54742,5.5,,,,
US-WI-54743-Rate 1,US,WI,54743,5.5,,,,
US-WI-54745-Rate 1,US,WI,54745,5.5,,,,
US-WI-54745-Rate 1,US,WI,54745,5.5,,,,
US-WI-54746-Rate 1,US,WI,54746,5,,,,
US-WI-54747-Rate 1,US,WI,54747,5.5,,,,
US-WI-54747-Rate 1,US,WI,54747,5.5,,,,
US-WI-54748-Rate 1,US,WI,54748,5.5,,,,
US-WI-54749-Rate 1,US,WI,54749,5.5,,,,
US-WI-54750-Rate 1,US,WI,54750,5.5,,,,
US-WI-54751-Rate 1,US,WI,54751,5.5,,,,
US-WI-54751-Rate 1,US,WI,54751,5.5,,,,
US-WI-54751-Rate 1,US,WI,54751,5.5,,,,
US-WI-54751-Rate 1,US,WI,54751,5.5,,,,
US-WI-54754-Rate 1,US,WI,54754,5.5,,,,
US-WI-54754-Rate 1,US,WI,54754,5.5,,,,
US-WI-54755-Rate 1,US,WI,54755,5.5,,,,
US-WI-54755-Rate 1,US,WI,54755,5.5,,,,
US-WI-54756-Rate 1,US,WI,54756,5.5,,,,
US-WI-54757-Rate 1,US,WI,54757,5.5,,,,
US-WI-54757-Rate 1,US,WI,54757,5.5,,,,
US-WI-54758-Rate 1,US,WI,54758,5.5,,,,
US-WI-54758-Rate 1,US,WI,54758,5.5,,,,
US-WI-54759-Rate 1,US,WI,54759,5.5,,,,
US-WI-54760-Rate 1,US,WI,54760,5.5,,,,
US-WI-54761-Rate 1,US,WI,54761,5.5,,,,
US-WI-54762-Rate 1,US,WI,54762,5.5,,,,
US-WI-54763-Rate 1,US,WI,54763,5.5,,,,
US-WI-54764-Rate 1,US,WI,54764,5.5,,,,
US-WI-54764-Rate 1,US,WI,54764,5.5,,,,
US-WI-54765-Rate 1,US,WI,54765,5.5,,,,
US-WI-54766-Rate 1,US,WI,54766,5.5,,,,
US-WI-54767-Rate 1,US,WI,54767,5.5,,,,
US-WI-54767-Rate 1,US,WI,54767,5.5,,,,
US-WI-54768-Rate 1,US,WI,54768,5.5,,,,
US-WI-54769-Rate 1,US,WI,54769,5.5,,,,
US-WI-54770-Rate 1,US,WI,54770,5.5,,,,
US-WI-54771-Rate 1,US,WI,54771,5,,,,
US-WI-54772-Rate 1,US,WI,54772,5.5,,,,
US-WI-54773-Rate 1,US,WI,54773,5.5,,,,
US-WI-54774-Rate 1,US,WI,54774,5.5,,,,
US-WI-54801-Rate 1,US,WI,54801,5.5,,,,
US-WI-54805-Rate 1,US,WI,54805,5.5,,,,
US-WI-54806-Rate 1,US,WI,54806,5.5,,,,
US-WI-54806-Rate 1,US,WI,54806,5.5,,,,
US-WI-54806-Rate 1,US,WI,54806,5.5,,,,
US-WI-54806-Rate 1,US,WI,54806,5.5,,,,
US-WI-54806-Rate 1,US,WI,54806,5.5,,,,
US-WI-54806-Rate 1,US,WI,54806,5.5,,,,
US-WI-54806-Rate 1,US,WI,54806,5.5,,,,
US-WI-54806-Rate 1,US,WI,54806,5.5,,,,
US-WI-54806-Rate 1,US,WI,54806,5.5,,,,
US-WI-54806-Rate 1,US,WI,54806,5.5,,,,
US-WI-54810-Rate 1,US,WI,54810,5.5,,,,
US-WI-54812-Rate 1,US,WI,54812,5.5,,,,
US-WI-54812-Rate 1,US,WI,54812,5.5,,,,
US-WI-54813-Rate 1,US,WI,54813,5.5,,,,
US-WI-54814-Rate 1,US,WI,54814,5.5,,,,
US-WI-54814-Rate 1,US,WI,54814,5.5,,,,
US-WI-54814-Rate 1,US,WI,54814,5.5,,,,
US-WI-54816-Rate 1,US,WI,54816,5.5,,,,
US-WI-54816-Rate 1,US,WI,54816,5.5,,,,
US-WI-54817-Rate 1,US,WI,54817,5.5,,,,
US-WI-54818-Rate 1,US,WI,54818,5.5,,,,
US-WI-54818-Rate 1,US,WI,54818,5.5,,,,
US-WI-54819-Rate 1,US,WI,54819,5.5,,,,
US-WI-54820-Rate 1,US,WI,54820,5.5,,,,
US-WI-54821-Rate 1,US,WI,54821,5.5,,,,
US-WI-54822-Rate 1,US,WI,54822,5.5,,,,
US-WI-54824-Rate 1,US,WI,54824,5.5,,,,
US-WI-54826-Rate 1,US,WI,54826,5.5,,,,
US-WI-54827-Rate 1,US,WI,54827,5.5,,,,
US-WI-54828-Rate 1,US,WI,54828,5.5,,,,
US-WI-54828-Rate 1,US,WI,54828,5.5,,,,
US-WI-54829-Rate 1,US,WI,54829,5.5,,,,
US-WI-54830-Rate 1,US,WI,54830,5.5,,,,
US-WI-54830-Rate 1,US,WI,54830,5.5,,,,
US-WI-54830-Rate 1,US,WI,54830,5.5,,,,
US-WI-54830-Rate 1,US,WI,54830,5.5,,,,
US-WI-54832-Rate 1,US,WI,54832,5.5,,,,
US-WI-54834-Rate 1,US,WI,54834,5.5,,,,
US-WI-54834-Rate 1,US,WI,54834,5.5,,,,
US-WI-54835-Rate 1,US,WI,54835,5.5,,,,
US-WI-54836-Rate 1,US,WI,54836,5.5,,,,
US-WI-54837-Rate 1,US,WI,54837,5.5,,,,
US-WI-54837-Rate 1,US,WI,54837,5.5,,,,
US-WI-54837-Rate 1,US,WI,54837,5.5,,,,
US-WI-54837-Rate 1,US,WI,54837,5.5,,,,
US-WI-54838-Rate 1,US,WI,54838,5.5,,,,
US-WI-54838-Rate 1,US,WI,54838,5.5,,,,
US-WI-54839-Rate 1,US,WI,54839,5.5,,,,
US-WI-54840-Rate 1,US,WI,54840,5.5,,,,
US-WI-54841-Rate 1,US,WI,54841,5.5,,,,
US-WI-54842-Rate 1,US,WI,54842,5.5,,,,
US-WI-54843-Rate 1,US,WI,54843,5.5,,,,
US-WI-54843-Rate 1,US,WI,54843,5.5,,,,
US-WI-54844-Rate 1,US,WI,54844,5.5,,,,
US-WI-54845-Rate 1,US,WI,54845,5.5,,,,
US-WI-54846-Rate 1,US,WI,54846,5.5,,,,
US-WI-54846-Rate 1,US,WI,54846,5.5,,,,
US-WI-54846-Rate 1,US,WI,54846,5.5,,,,
US-WI-54847-Rate 1,US,WI,54847,5.5,,,,
US-WI-54848-Rate 1,US,WI,54848,5.5,,,,
US-WI-54849-Rate 1,US,WI,54849,5.5,,,,
US-WI-54850-Rate 1,US,WI,54850,5.5,,,,
US-WI-54853-Rate 1,US,WI,54853,5.5,,,,
US-WI-54854-Rate 1,US,WI,54854,5.5,,,,
US-WI-54855-Rate 1,US,WI,54855,5.5,,,,
US-WI-54856-Rate 1,US,WI,54856,5.5,,,,
US-WI-54856-Rate 1,US,WI,54856,5.5,,,,
US-WI-54857-Rate 1,US,WI,54857,5.5,,,,
US-WI-54857-Rate 1,US,WI,54857,5.5,,,,
US-WI-54858-Rate 1,US,WI,54858,5.5,,,,
US-WI-54859-Rate 1,US,WI,54859,5.5,,,,
US-WI-54859-Rate 1,US,WI,54859,5.5,,,,
US-WI-54861-Rate 1,US,WI,54861,5.5,,,,
US-WI-54862-Rate 1,US,WI,54862,5.5,,,,
US-WI-54862-Rate 1,US,WI,54862,5.5,,,,
US-WI-54864-Rate 1,US,WI,54864,5.5,,,,
US-WI-54865-Rate 1,US,WI,54865,5.5,,,,
US-WI-54867-Rate 1,US,WI,54867,5.5,,,,
US-WI-54868-Rate 1,US,WI,54868,5.5,,,,
US-WI-54868-Rate 1,US,WI,54868,5.5,,,,
US-WI-54870-Rate 1,US,WI,54870,5.5,,,,
US-WI-54871-Rate 1,US,WI,54871,5.5,,,,
US-WI-54872-Rate 1,US,WI,54872,5.5,,,,
US-WI-54873-Rate 1,US,WI,54873,5.5,,,,
US-WI-54873-Rate 1,US,WI,54873,5.5,,,,
US-WI-54873-Rate 1,US,WI,54873,5.5,,,,
US-WI-54874-Rate 1,US,WI,54874,5.5,,,,
US-WI-54874-Rate 1,US,WI,54874,5.5,,,,
US-WI-54875-Rate 1,US,WI,54875,5.5,,,,
US-WI-54876-Rate 1,US,WI,54876,5.5,,,,
US-WI-54880-Rate 1,US,WI,54880,5.5,,,,
US-WI-54888-Rate 1,US,WI,54888,5.5,,,,
US-WI-54889-Rate 1,US,WI,54889,5.5,,,,
US-WI-54890-Rate 1,US,WI,54890,5.5,,,,
US-WI-54891-Rate 1,US,WI,54891,5.5,,,,
US-WI-54893-Rate 1,US,WI,54893,5.5,,,,
US-WI-54895-Rate 1,US,WI,54895,5.5,,,,
US-WI-54896-Rate 1,US,WI,54896,5.5,,,,
US-WI-54896-Rate 1,US,WI,54896,5.5,,,,
US-WI-54901-Rate 1,US,WI,54901,5,,,,
US-WI-54902-Rate 1,US,WI,54902,5,,,,
US-WI-54903-Rate 1,US,WI,54903,5,,,,
US-WI-54904-Rate 1,US,WI,54904,5,,,,
US-WI-54906-Rate 1,US,WI,54906,5,,,,
US-WI-54909-Rate 1,US,WI,54909,5.5,,,,
US-WI-54911-Rate 1,US,WI,54911,5,,,,
US-WI-54911-Rate 1,US,WI,54911,5,,,,
US-WI-54912-Rate 1,US,WI,54912,5,,,,
US-WI-54913-Rate 1,US,WI,54913,5,,,,
US-WI-54913-Rate 1,US,WI,54913,5,,,,
US-WI-54914-Rate 1,US,WI,54914,5,,,,
US-WI-54914-Rate 1,US,WI,54914,5,,,,
US-WI-54915-Rate 1,US,WI,54915,5,,,,
US-WI-54915-Rate 1,US,WI,54915,5,,,,
US-WI-54919-Rate 1,US,WI,54919,5,,,,
US-WI-54921-Rate 1,US,WI,54921,5.5,,,,
US-WI-54922-Rate 1,US,WI,54922,5,,,,
US-WI-54923-Rate 1,US,WI,54923,5.5,,,,
US-WI-54923-Rate 1,US,WI,54923,5.5,,,,
US-WI-54926-Rate 1,US,WI,54926,5.5,,,,
US-WI-54927-Rate 1,US,WI,54927,5,,,,
US-WI-54928-Rate 1,US,WI,54928,5.5,,,,
US-WI-54929-Rate 1,US,WI,54929,5.5,,,,
US-WI-54930-Rate 1,US,WI,54930,5.5,,,,
US-WI-54930-Rate 1,US,WI,54930,5.5,,,,
US-WI-54930-Rate 1,US,WI,54930,5.5,,,,
US-WI-54931-Rate 1,US,WI,54931,5,,,,
US-WI-54932-Rate 1,US,WI,54932,5,,,,
US-WI-54933-Rate 1,US,WI,54933,5.5,,,,
US-WI-54934-Rate 1,US,WI,54934,5,,,,
US-WI-54935-Rate 1,US,WI,54935,5,,,,
US-WI-54935-Rate 1,US,WI,54935,5,,,,
US-WI-54935-Rate 1,US,WI,54935,5,,,,
US-WI-54935-Rate 1,US,WI,54935,5,,,,
US-WI-54936-Rate 1,US,WI,54936,5,,,,
US-WI-54937-Rate 1,US,WI,54937,5,,,,
US-WI-54937-Rate 1,US,WI,54937,5,,,,
US-WI-54940-Rate 1,US,WI,54940,5.5,,,,
US-WI-54940-Rate 1,US,WI,54940,5.5,,,,
US-WI-54941-Rate 1,US,WI,54941,5.5,,,,
US-WI-54942-Rate 1,US,WI,54942,5,,,,
US-WI-54943-Rate 1,US,WI,54943,5.5,,,,
US-WI-54944-Rate 1,US,WI,54944,5,,,,
US-WI-54944-Rate 1,US,WI,54944,5,,,,
US-WI-54945-Rate 1,US,WI,54945,5.5,,,,
US-WI-54946-Rate 1,US,WI,54946,5.5,,,,
US-WI-54947-Rate 1,US,WI,54947,5,,,,
US-WI-54947-Rate 1,US,WI,54947,5,,,,
US-WI-54948-Rate 1,US,WI,54948,5.5,,,,
US-WI-54949-Rate 1,US,WI,54949,5.5,,,,
US-WI-54950-Rate 1,US,WI,54950,5.5,,,,
US-WI-54952-Rate 1,US,WI,54952,5,,,,
US-WI-54956-Rate 1,US,WI,54956,5,,,,
US-WI-54957-Rate 1,US,WI,54957,5,,,,
US-WI-54960-Rate 1,US,WI,54960,5.5,,,,
US-WI-54961-Rate 1,US,WI,54961,5.5,,,,
US-WI-54962-Rate 1,US,WI,54962,5.5,,,,
US-WI-54963-Rate 1,US,WI,54963,5,,,,
US-WI-54964-Rate 1,US,WI,54964,5,,,,
US-WI-54965-Rate 1,US,WI,54965,5.5,,,,
US-WI-54966-Rate 1,US,WI,54966,5.5,,,,
US-WI-54967-Rate 1,US,WI,54967,5.5,,,,
US-WI-54968-Rate 1,US,WI,54968,5.5,,,,
US-WI-54969-Rate 1,US,WI,54969,5.5,,,,
US-WI-54970-Rate 1,US,WI,54970,5.5,,,,
US-WI-54970-Rate 1,US,WI,54970,5.5,,,,
US-WI-54971-Rate 1,US,WI,54971,5,,,,
US-WI-54974-Rate 1,US,WI,54974,5,,,,
US-WI-54975-Rate 1,US,WI,54975,5.5,,,,
US-WI-54976-Rate 1,US,WI,54976,5.5,,,,
US-WI-54977-Rate 1,US,WI,54977,5.5,,,,
US-WI-54978-Rate 1,US,WI,54978,5.5,,,,
US-WI-54979-Rate 1,US,WI,54979,5,,,,
US-WI-54980-Rate 1,US,WI,54980,5,,,,
US-WI-54981-Rate 1,US,WI,54981,5.5,,,,
US-WI-54982-Rate 1,US,WI,54982,5.5,,,,
US-WI-54983-Rate 1,US,WI,54983,5.5,,,,
US-WI-54984-Rate 1,US,WI,54984,5.5,,,,
US-WI-54985-Rate 1,US,WI,54985,5,,,,
US-WI-54986-Rate 1,US,WI,54986,5,,,,
US-WI-54990-Rate 1,US,WI,54990,5.5,,,,